"Source","Destination","Protocol","SourceMac","Destination Mac","Protocol"
"172.24.237.194","172.24.239.255","17","ff:ff:ff:ff:ff:ff","74:2f:68:b6:5b:18","8"
"172.24.237.194","172.24.239.255","17","ff:ff:ff:ff:ff:ff","74:2f:68:b6:5b:18","8"
"172.24.237.194","172.24.239.255","17","ff:ff:ff:ff:ff:ff","74:2f:68:b6:5b:18","8"
"172.24.237.194","172.24.239.255","17","ff:ff:ff:ff:ff:ff","74:2f:68:b6:5b:18","8"
"172.24.237.194","172.24.239.255","17","ff:ff:ff:ff:ff:ff","74:2f:68:b6:5b:18","8"
"172.24.237.194","172.24.239.255","17","ff:ff:ff:ff:ff:ff","74:2f:68:b6:5b:18","8"
"172.24.237.194","172.24.239.255","17","ff:ff:ff:ff:ff:ff","74:2f:68:b6:5b:18","8"
"172.24.237.194","172.24.239.255","17","ff:ff:ff:ff:ff:ff","74:2f:68:b6:5b:18","8"
"172.24.237.194","172.24.239.255","17","ff:ff:ff:ff:ff:ff","74:2f:68:b6:5b:18","8"
"172.24.237.194","172.24.239.255","17","ff:ff:ff:ff:ff:ff","74:2f:68:b6:5b:18","8"
"172.24.237.194","172.24.239.255","17","ff:ff:ff:ff:ff:ff","74:2f:68:b6:5b:18","8"
"172.24.237.194","172.24.239.255","17","ff:ff:ff:ff:ff:ff","74:2f:68:b6:5b:18","8"
"172.24.237.194","172.24.239.255","17","ff:ff:ff:ff:ff:ff","74:2f:68:b6:5b:18","8"
"172.24.237.194","172.24.239.255","17","ff:ff:ff:ff:ff:ff","74:2f:68:b6:5b:18","8"
"172.24.237.194","172.24.239.255","17","ff:ff:ff:ff:ff:ff","74:2f:68:b6:5b:18","8"
"172.24.236.117","224.0.0.251","17","01:00:5e:00:00:fb","54:b8:02:a6:6d:97","8"
"172.24.236.117","224.0.0.251","17","01:00:5e:00:00:fb","54:b8:02:a6:6d:97","8"
"172.24.236.117","224.0.0.251","17","01:00:5e:00:00:fb","54:b8:02:a6:6d:97","8"
"172.24.236.117","224.0.0.251","17","01:00:5e:00:00:fb","54:b8:02:a6:6d:97","8"
"172.24.236.117","224.0.0.251","17","01:00:5e:00:00:fb","54:b8:02:a6:6d:97","8"
"172.24.236.117","224.0.0.251","17","01:00:5e:00:00:fb","54:b8:02:a6:6d:97","8"
"172.24.236.117","224.0.0.251","17","01:00:5e:00:00:fb","54:b8:02:a6:6d:97","8"
"172.24.236.117","224.0.0.251","17","01:00:5e:00:00:fb","54:b8:02:a6:6d:97","8"
"172.24.236.117","224.0.0.251","17","01:00:5e:00:00:fb","54:b8:02:a6:6d:97","8"
"172.24.236.117","224.0.0.251","17","01:00:5e:00:00:fb","54:b8:02:a6:6d:97","8"
"172.24.236.117","224.0.0.251","17","01:00:5e:00:00:fb","54:b8:02:a6:6d:97","8"
"172.24.236.117","224.0.0.251","17","01:00:5e:00:00:fb","54:b8:02:a6:6d:97","8"
"172.24.236.117","224.0.0.251","17","01:00:5e:00:00:fb","54:b8:02:a6:6d:97","8"
"172.24.236.117","224.0.0.251","17","01:00:5e:00:00:fb","54:b8:02:a6:6d:97","8"
"172.24.236.117","224.0.0.251","17","01:00:5e:00:00:fb","54:b8:02:a6:6d:97","8"
"172.24.236.117","224.0.0.251","17","33:33:00:00:00:fb","54:b8:02:a6:6d:97","56710"
"172.24.236.117","224.0.0.251","17","33:33:00:00:00:fb","54:b8:02:a6:6d:97","56710"
"172.24.236.117","224.0.0.251","17","33:33:00:00:00:fb","54:b8:02:a6:6d:97","56710"
"172.24.236.117","224.0.0.251","17","33:33:00:00:00:fb","54:b8:02:a6:6d:97","56710"
"172.24.236.117","224.0.0.251","17","33:33:00:00:00:fb","54:b8:02:a6:6d:97","56710"
"172.24.236.117","224.0.0.251","17","33:33:00:00:00:fb","54:b8:02:a6:6d:97","56710"
"172.24.236.117","224.0.0.251","17","33:33:00:00:00:fb","54:b8:02:a6:6d:97","56710"
"172.24.236.117","224.0.0.251","17","33:33:00:00:00:fb","54:b8:02:a6:6d:97","56710"
"172.24.236.117","224.0.0.251","17","33:33:00:00:00:fb","54:b8:02:a6:6d:97","56710"
"172.24.236.117","224.0.0.251","17","33:33:00:00:00:fb","54:b8:02:a6:6d:97","56710"
"172.24.236.117","224.0.0.251","17","33:33:00:00:00:fb","54:b8:02:a6:6d:97","56710"
"172.24.236.117","224.0.0.251","17","33:33:00:00:00:fb","54:b8:02:a6:6d:97","56710"
"172.24.236.117","224.0.0.251","17","33:33:00:00:00:fb","54:b8:02:a6:6d:97","56710"
"172.24.236.117","224.0.0.251","17","33:33:00:00:00:fb","54:b8:02:a6:6d:97","56710"
"172.24.236.117","224.0.0.251","17","33:33:00:00:00:fb","54:b8:02:a6:6d:97","56710"
"172.24.236.117","224.0.0.251","17","01:00:5e:00:00:fb","54:b8:02:a6:6d:97","8"
"172.24.236.117","224.0.0.251","17","01:00:5e:00:00:fb","54:b8:02:a6:6d:97","8"
"172.24.236.117","224.0.0.251","17","01:00:5e:00:00:fb","54:b8:02:a6:6d:97","8"
"172.24.236.117","224.0.0.251","17","01:00:5e:00:00:fb","54:b8:02:a6:6d:97","8"
"172.24.236.117","224.0.0.251","17","01:00:5e:00:00:fb","54:b8:02:a6:6d:97","8"
"172.24.236.117","224.0.0.251","17","01:00:5e:00:00:fb","54:b8:02:a6:6d:97","8"
"172.24.236.117","224.0.0.251","17","01:00:5e:00:00:fb","54:b8:02:a6:6d:97","8"
"172.24.236.117","224.0.0.251","17","01:00:5e:00:00:fb","54:b8:02:a6:6d:97","8"
"172.24.236.117","224.0.0.251","17","01:00:5e:00:00:fb","54:b8:02:a6:6d:97","8"
"172.24.236.117","224.0.0.251","17","01:00:5e:00:00:fb","54:b8:02:a6:6d:97","8"
"172.24.236.117","224.0.0.251","17","01:00:5e:00:00:fb","54:b8:02:a6:6d:97","8"
"172.24.236.117","224.0.0.251","17","01:00:5e:00:00:fb","54:b8:02:a6:6d:97","8"
"172.24.236.117","224.0.0.251","17","01:00:5e:00:00:fb","54:b8:02:a6:6d:97","8"
"172.24.236.117","224.0.0.251","17","01:00:5e:00:00:fb","54:b8:02:a6:6d:97","8"
"172.24.236.117","224.0.0.251","17","01:00:5e:00:00:fb","54:b8:02:a6:6d:97","8"
"172.24.236.117","224.0.0.251","17","33:33:00:00:00:fb","54:b8:02:a6:6d:97","56710"
"172.24.236.117","224.0.0.251","17","33:33:00:00:00:fb","54:b8:02:a6:6d:97","56710"
"172.24.236.117","224.0.0.251","17","33:33:00:00:00:fb","54:b8:02:a6:6d:97","56710"
"172.24.236.117","224.0.0.251","17","33:33:00:00:00:fb","54:b8:02:a6:6d:97","56710"
"172.24.236.117","224.0.0.251","17","33:33:00:00:00:fb","54:b8:02:a6:6d:97","56710"
"172.24.236.117","224.0.0.251","17","33:33:00:00:00:fb","54:b8:02:a6:6d:97","56710"
"172.24.236.117","224.0.0.251","17","33:33:00:00:00:fb","54:b8:02:a6:6d:97","56710"
"172.24.236.117","224.0.0.251","17","33:33:00:00:00:fb","54:b8:02:a6:6d:97","56710"
"172.24.236.117","224.0.0.251","17","33:33:00:00:00:fb","54:b8:02:a6:6d:97","56710"
"172.24.236.117","224.0.0.251","17","33:33:00:00:00:fb","54:b8:02:a6:6d:97","56710"
"172.24.236.117","224.0.0.251","17","33:33:00:00:00:fb","54:b8:02:a6:6d:97","56710"
"172.24.236.117","224.0.0.251","17","33:33:00:00:00:fb","54:b8:02:a6:6d:97","56710"
"172.24.236.117","224.0.0.251","17","33:33:00:00:00:fb","54:b8:02:a6:6d:97","56710"
"172.24.237.179","172.24.239.255","17","ff:ff:ff:ff:ff:ff","34:e6:ad:a7:69:a3","8"
"172.24.237.179","172.24.239.255","17","ff:ff:ff:ff:ff:ff","34:e6:ad:a7:69:a3","8"
"172.24.237.179","172.24.239.255","17","ff:ff:ff:ff:ff:ff","34:e6:ad:a7:69:a3","8"
"172.24.237.179","172.24.239.255","17","ff:ff:ff:ff:ff:ff","34:e6:ad:a7:69:a3","8"
"172.24.237.179","172.24.239.255","17","ff:ff:ff:ff:ff:ff","34:e6:ad:a7:69:a3","8"
"172.24.237.179","172.24.239.255","17","ff:ff:ff:ff:ff:ff","34:e6:ad:a7:69:a3","8"
"172.24.237.179","172.24.239.255","17","ff:ff:ff:ff:ff:ff","34:e6:ad:a7:69:a3","8"
"172.24.237.179","172.24.239.255","17","ff:ff:ff:ff:ff:ff","34:e6:ad:a7:69:a3","8"
"172.24.237.179","172.24.239.255","17","ff:ff:ff:ff:ff:ff","34:e6:ad:a7:69:a3","8"
"172.24.237.179","172.24.239.255","17","ff:ff:ff:ff:ff:ff","34:e6:ad:a7:69:a3","8"
"172.24.237.179","172.24.239.255","17","ff:ff:ff:ff:ff:ff","34:e6:ad:a7:69:a3","8"
"172.24.237.179","172.24.239.255","17","ff:ff:ff:ff:ff:ff","34:e6:ad:a7:69:a3","8"
"172.24.237.179","172.24.239.255","17","ff:ff:ff:ff:ff:ff","34:e6:ad:a7:69:a3","8"
"172.24.237.179","172.24.239.255","17","ff:ff:ff:ff:ff:ff","34:e6:ad:a7:69:a3","8"
"172.24.222.186","224.0.0.251","17","01:00:5e:00:00:fb","4c:ed:fb:50:1b:1e","8"
"172.24.222.186","224.0.0.251","17","01:00:5e:00:00:fb","4c:ed:fb:50:1b:1e","8"
"172.24.222.186","224.0.0.251","17","01:00:5e:00:00:fb","4c:ed:fb:50:1b:1e","8"
"172.24.222.186","224.0.0.251","17","01:00:5e:00:00:fb","4c:ed:fb:50:1b:1e","8"
"172.24.222.186","224.0.0.251","17","01:00:5e:00:00:fb","4c:ed:fb:50:1b:1e","8"
"172.24.222.186","224.0.0.251","17","01:00:5e:00:00:fb","4c:ed:fb:50:1b:1e","8"
"172.24.222.186","224.0.0.251","17","01:00:5e:00:00:fb","4c:ed:fb:50:1b:1e","8"
"172.24.222.186","224.0.0.251","17","01:00:5e:00:00:fb","4c:ed:fb:50:1b:1e","8"
"172.24.222.186","224.0.0.251","17","01:00:5e:00:00:fb","4c:ed:fb:50:1b:1e","8"
"172.24.222.186","224.0.0.251","17","01:00:5e:00:00:fb","4c:ed:fb:50:1b:1e","8"
"172.24.222.186","224.0.0.251","17","01:00:5e:00:00:fb","4c:ed:fb:50:1b:1e","8"
"172.24.222.186","224.0.0.251","17","01:00:5e:00:00:fb","4c:ed:fb:50:1b:1e","8"
"172.24.222.186","224.0.0.251","17","01:00:5e:00:00:fb","4c:ed:fb:50:1b:1e","8"
"172.24.236.117","224.0.0.251","17","01:00:5e:00:00:fb","54:b8:02:a6:6d:97","8"
"172.24.236.117","224.0.0.251","17","01:00:5e:00:00:fb","54:b8:02:a6:6d:97","8"
"172.24.236.117","224.0.0.251","17","01:00:5e:00:00:fb","54:b8:02:a6:6d:97","8"
"172.24.236.117","224.0.0.251","17","01:00:5e:00:00:fb","54:b8:02:a6:6d:97","8"
"172.24.236.117","224.0.0.251","17","01:00:5e:00:00:fb","54:b8:02:a6:6d:97","8"
"172.24.236.117","224.0.0.251","17","01:00:5e:00:00:fb","54:b8:02:a6:6d:97","8"
"172.24.236.117","224.0.0.251","17","01:00:5e:00:00:fb","54:b8:02:a6:6d:97","8"
"172.24.236.117","224.0.0.251","17","01:00:5e:00:00:fb","54:b8:02:a6:6d:97","8"
"172.24.236.117","224.0.0.251","17","01:00:5e:00:00:fb","54:b8:02:a6:6d:97","8"
"172.24.236.117","224.0.0.251","17","01:00:5e:00:00:fb","54:b8:02:a6:6d:97","8"
"172.24.236.117","224.0.0.251","17","01:00:5e:00:00:fb","54:b8:02:a6:6d:97","8"
"172.24.236.117","224.0.0.251","17","01:00:5e:00:00:fb","54:b8:02:a6:6d:97","8"
"172.24.236.117","224.0.0.251","17","01:00:5e:00:00:fb","54:b8:02:a6:6d:97","8"
"172.24.236.117","224.0.0.251","17","01:00:5e:00:00:fb","54:b8:02:a6:6d:97","8"
"172.24.236.117","224.0.0.251","17","33:33:00:00:00:fb","54:b8:02:a6:6d:97","56710"
"172.24.236.117","224.0.0.251","17","33:33:00:00:00:fb","54:b8:02:a6:6d:97","56710"
"172.24.236.117","224.0.0.251","17","33:33:00:00:00:fb","54:b8:02:a6:6d:97","56710"
"172.24.236.117","224.0.0.251","17","33:33:00:00:00:fb","54:b8:02:a6:6d:97","56710"
"172.24.236.117","224.0.0.251","17","33:33:00:00:00:fb","54:b8:02:a6:6d:97","56710"
"172.24.236.117","224.0.0.251","17","33:33:00:00:00:fb","54:b8:02:a6:6d:97","56710"
"172.24.236.117","224.0.0.251","17","33:33:00:00:00:fb","54:b8:02:a6:6d:97","56710"
"172.24.236.117","224.0.0.251","17","33:33:00:00:00:fb","54:b8:02:a6:6d:97","56710"
"172.24.236.117","224.0.0.251","17","33:33:00:00:00:fb","54:b8:02:a6:6d:97","56710"
"172.24.236.117","224.0.0.251","17","33:33:00:00:00:fb","54:b8:02:a6:6d:97","56710"
"172.24.236.117","224.0.0.251","17","33:33:00:00:00:fb","54:b8:02:a6:6d:97","56710"
"172.24.236.117","224.0.0.251","17","33:33:00:00:00:fb","54:b8:02:a6:6d:97","56710"
"172.24.236.117","224.0.0.251","17","33:33:00:00:00:fb","54:b8:02:a6:6d:97","56710"
"172.24.236.117","224.0.0.251","17","33:33:00:00:00:fb","54:b8:02:a6:6d:97","56710"
"172.24.236.117","224.0.0.251","17","33:33:00:00:00:fb","54:b8:02:a6:6d:97","56710"
"172.24.236.119","224.0.0.251","17","01:00:5e:00:00:fb","08:25:25:29:44:7f","8"
"172.24.236.119","224.0.0.251","17","01:00:5e:00:00:fb","08:25:25:29:44:7f","8"
"172.24.236.119","224.0.0.251","17","01:00:5e:00:00:fb","08:25:25:29:44:7f","8"
"172.24.236.119","224.0.0.251","17","01:00:5e:00:00:fb","08:25:25:29:44:7f","8"
"172.24.236.119","224.0.0.251","17","01:00:5e:00:00:fb","08:25:25:29:44:7f","8"
"172.24.236.119","224.0.0.251","17","01:00:5e:00:00:fb","08:25:25:29:44:7f","8"
"172.24.236.119","224.0.0.251","17","01:00:5e:00:00:fb","08:25:25:29:44:7f","8"
"172.24.236.119","224.0.0.251","17","01:00:5e:00:00:fb","08:25:25:29:44:7f","8"
"172.24.236.119","224.0.0.251","17","01:00:5e:00:00:fb","08:25:25:29:44:7f","8"
"172.24.236.119","224.0.0.251","17","01:00:5e:00:00:fb","08:25:25:29:44:7f","8"
"172.24.236.119","224.0.0.251","17","01:00:5e:00:00:fb","08:25:25:29:44:7f","8"
"172.24.236.119","224.0.0.251","17","01:00:5e:00:00:fb","08:25:25:29:44:7f","8"
"172.24.236.119","224.0.0.251","17","01:00:5e:00:00:fb","08:25:25:29:44:7f","8"
"172.24.236.119","224.0.0.251","17","01:00:5e:00:00:fb","08:25:25:29:44:7f","8"
"172.24.236.119","224.0.0.251","17","01:00:5e:00:00:fb","08:25:25:29:44:7f","8"
"172.24.236.117","224.0.0.251","17","01:00:5e:00:00:fb","54:b8:02:a6:6d:97","8"
"172.24.236.117","224.0.0.251","17","01:00:5e:00:00:fb","54:b8:02:a6:6d:97","8"
"172.24.236.117","224.0.0.251","17","01:00:5e:00:00:fb","54:b8:02:a6:6d:97","8"
"172.24.236.117","224.0.0.251","17","01:00:5e:00:00:fb","54:b8:02:a6:6d:97","8"
"172.24.236.117","224.0.0.251","17","01:00:5e:00:00:fb","54:b8:02:a6:6d:97","8"
"172.24.236.117","224.0.0.251","17","01:00:5e:00:00:fb","54:b8:02:a6:6d:97","8"
"172.24.236.117","224.0.0.251","17","01:00:5e:00:00:fb","54:b8:02:a6:6d:97","8"
"172.24.236.117","224.0.0.251","17","01:00:5e:00:00:fb","54:b8:02:a6:6d:97","8"
"172.24.236.117","224.0.0.251","17","01:00:5e:00:00:fb","54:b8:02:a6:6d:97","8"
"172.24.236.117","224.0.0.251","17","01:00:5e:00:00:fb","54:b8:02:a6:6d:97","8"
"172.24.236.117","224.0.0.251","17","01:00:5e:00:00:fb","54:b8:02:a6:6d:97","8"
"172.24.236.117","224.0.0.251","17","01:00:5e:00:00:fb","54:b8:02:a6:6d:97","8"
"172.24.236.117","224.0.0.251","17","01:00:5e:00:00:fb","54:b8:02:a6:6d:97","8"
"172.24.236.117","224.0.0.251","17","01:00:5e:00:00:fb","54:b8:02:a6:6d:97","8"
"172.24.236.117","224.0.0.251","17","01:80:c2:00:00:00","cc:98:91:80:b4:13","11776"
"172.24.236.117","224.0.0.251","17","01:80:c2:00:00:00","cc:98:91:80:b4:13","11776"
"172.24.236.117","224.0.0.251","17","01:80:c2:00:00:00","cc:98:91:80:b4:13","11776"
"172.24.236.117","224.0.0.251","17","01:80:c2:00:00:00","cc:98:91:80:b4:13","11776"
"172.24.236.117","224.0.0.251","17","01:80:c2:00:00:00","cc:98:91:80:b4:13","11776"
"172.24.236.117","224.0.0.251","17","01:80:c2:00:00:00","cc:98:91:80:b4:13","11776"
"172.24.236.117","224.0.0.251","17","01:80:c2:00:00:00","cc:98:91:80:b4:13","11776"
"172.24.236.117","224.0.0.251","17","01:80:c2:00:00:00","cc:98:91:80:b4:13","11776"
"172.24.236.117","224.0.0.251","17","01:80:c2:00:00:00","cc:98:91:80:b4:13","11776"
"172.24.236.117","224.0.0.251","17","01:80:c2:00:00:00","cc:98:91:80:b4:13","11776"
"172.24.236.117","224.0.0.251","17","01:80:c2:00:00:00","cc:98:91:80:b4:13","11776"
"172.24.236.117","224.0.0.251","17","01:80:c2:00:00:00","cc:98:91:80:b4:13","11776"
"172.24.236.117","224.0.0.251","17","01:80:c2:00:00:00","cc:98:91:80:b4:13","11776"
"172.24.236.117","224.0.0.251","17","01:80:c2:00:00:00","cc:98:91:80:b4:13","11776"
"172.24.236.117","224.0.0.251","17","01:80:c2:00:00:00","cc:98:91:80:b4:13","11776"
"172.24.236.117","224.0.0.251","17","33:33:00:00:00:fb","4c:ed:fb:50:1b:1e","56710"
"172.24.236.117","224.0.0.251","17","33:33:00:00:00:fb","4c:ed:fb:50:1b:1e","56710"
"172.24.236.117","224.0.0.251","17","33:33:00:00:00:fb","4c:ed:fb:50:1b:1e","56710"
"172.24.236.117","224.0.0.251","17","33:33:00:00:00:fb","4c:ed:fb:50:1b:1e","56710"
"172.24.236.117","224.0.0.251","17","33:33:00:00:00:fb","4c:ed:fb:50:1b:1e","56710"
"172.24.236.117","224.0.0.251","17","33:33:00:00:00:fb","4c:ed:fb:50:1b:1e","56710"
"172.24.236.117","224.0.0.251","17","33:33:00:00:00:fb","4c:ed:fb:50:1b:1e","56710"
"172.24.236.117","224.0.0.251","17","33:33:00:00:00:fb","4c:ed:fb:50:1b:1e","56710"
"172.24.236.117","224.0.0.251","17","33:33:00:00:00:fb","4c:ed:fb:50:1b:1e","56710"
"172.24.236.117","224.0.0.251","17","33:33:00:00:00:fb","4c:ed:fb:50:1b:1e","56710"
"172.24.236.117","224.0.0.251","17","33:33:00:00:00:fb","4c:ed:fb:50:1b:1e","56710"
"172.24.236.117","224.0.0.251","17","33:33:00:00:00:fb","4c:ed:fb:50:1b:1e","56710"
"172.24.236.117","224.0.0.251","17","33:33:00:00:00:fb","4c:ed:fb:50:1b:1e","56710"
"172.24.236.212","224.0.0.251","17","01:00:5e:00:00:fb","5c:5f:67:6e:76:f7","8"
"172.24.236.212","224.0.0.251","17","01:00:5e:00:00:fb","5c:5f:67:6e:76:f7","8"
"172.24.236.212","224.0.0.251","17","01:00:5e:00:00:fb","5c:5f:67:6e:76:f7","8"
"172.24.236.212","224.0.0.251","17","01:00:5e:00:00:fb","5c:5f:67:6e:76:f7","8"
"172.24.236.212","224.0.0.251","17","01:00:5e:00:00:fb","5c:5f:67:6e:76:f7","8"
"172.24.236.212","224.0.0.251","17","01:00:5e:00:00:fb","5c:5f:67:6e:76:f7","8"
"172.24.236.212","224.0.0.251","17","01:00:5e:00:00:fb","5c:5f:67:6e:76:f7","8"
"172.24.236.212","224.0.0.251","17","01:00:5e:00:00:fb","5c:5f:67:6e:76:f7","8"
"172.24.236.212","224.0.0.251","17","01:00:5e:00:00:fb","5c:5f:67:6e:76:f7","8"
"172.24.236.212","224.0.0.251","17","01:00:5e:00:00:fb","5c:5f:67:6e:76:f7","8"
"172.24.236.212","224.0.0.251","17","01:00:5e:00:00:fb","5c:5f:67:6e:76:f7","8"
"172.24.236.212","224.0.0.251","17","01:00:5e:00:00:fb","5c:5f:67:6e:76:f7","8"
"172.24.236.212","224.0.0.251","17","01:00:5e:00:00:fb","5c:5f:67:6e:76:f7","8"
"172.24.236.212","224.0.0.251","17","01:00:5e:00:00:fb","5c:5f:67:6e:76:f7","8"
"172.24.236.212","224.0.0.251","17","01:00:5e:00:00:fb","5c:5f:67:6e:76:f7","8"
"172.24.236.212","224.0.0.251","17","01:00:5e:00:00:fb","5c:5f:67:6e:76:f7","8"
"172.24.236.212","224.0.0.251","17","01:00:5e:00:00:fb","5c:5f:67:6e:76:f7","8"
"172.24.236.212","224.0.0.251","17","01:00:5e:00:00:fb","5c:5f:67:6e:76:f7","8"
"172.24.236.212","224.0.0.251","17","01:00:5e:00:00:fb","5c:5f:67:6e:76:f7","8"
"172.24.236.212","224.0.0.251","17","01:00:5e:00:00:fb","5c:5f:67:6e:76:f7","8"
"172.24.236.212","224.0.0.251","17","01:00:5e:00:00:fb","5c:5f:67:6e:76:f7","8"
"172.24.236.212","224.0.0.251","17","01:00:5e:00:00:fb","5c:5f:67:6e:76:f7","8"
"172.24.236.212","224.0.0.251","17","01:00:5e:00:00:fb","5c:5f:67:6e:76:f7","8"
"172.24.236.212","224.0.0.251","17","01:00:5e:00:00:fb","5c:5f:67:6e:76:f7","8"
"172.24.236.212","224.0.0.251","17","01:00:5e:00:00:fb","5c:5f:67:6e:76:f7","8"
"172.24.236.212","224.0.0.251","17","01:00:5e:00:00:fb","5c:5f:67:6e:76:f7","8"
"172.24.236.212","224.0.0.251","17","01:00:5e:00:00:fb","5c:5f:67:6e:76:f7","8"
"172.24.236.212","224.0.0.251","17","01:00:5e:00:00:fb","5c:5f:67:6e:76:f7","8"
"172.24.236.117","224.0.0.251","17","01:00:5e:00:00:fb","54:b8:02:a6:6d:97","8"
"172.24.236.117","224.0.0.251","17","01:00:5e:00:00:fb","54:b8:02:a6:6d:97","8"
"172.24.236.117","224.0.0.251","17","01:00:5e:00:00:fb","54:b8:02:a6:6d:97","8"
"172.24.236.117","224.0.0.251","17","01:00:5e:00:00:fb","54:b8:02:a6:6d:97","8"
"172.24.236.117","224.0.0.251","17","01:00:5e:00:00:fb","54:b8:02:a6:6d:97","8"
"172.24.236.117","224.0.0.251","17","01:00:5e:00:00:fb","54:b8:02:a6:6d:97","8"
"172.24.236.117","224.0.0.251","17","01:00:5e:00:00:fb","54:b8:02:a6:6d:97","8"
"172.24.236.117","224.0.0.251","17","01:00:5e:00:00:fb","54:b8:02:a6:6d:97","8"
"172.24.236.117","224.0.0.251","17","01:00:5e:00:00:fb","54:b8:02:a6:6d:97","8"
"172.24.236.117","224.0.0.251","17","01:00:5e:00:00:fb","54:b8:02:a6:6d:97","8"
"172.24.236.117","224.0.0.251","17","01:00:5e:00:00:fb","54:b8:02:a6:6d:97","8"
"172.24.236.117","224.0.0.251","17","01:00:5e:00:00:fb","54:b8:02:a6:6d:97","8"
"172.24.236.117","224.0.0.251","17","01:00:5e:00:00:fb","54:b8:02:a6:6d:97","8"
"172.24.236.117","224.0.0.251","17","01:00:5e:00:00:fb","54:b8:02:a6:6d:97","8"
"172.24.236.117","224.0.0.251","17","33:33:00:00:00:fb","54:b8:02:a6:6d:97","56710"
"172.24.236.117","224.0.0.251","17","33:33:00:00:00:fb","54:b8:02:a6:6d:97","56710"
"172.24.236.117","224.0.0.251","17","33:33:00:00:00:fb","54:b8:02:a6:6d:97","56710"
"172.24.236.117","224.0.0.251","17","33:33:00:00:00:fb","54:b8:02:a6:6d:97","56710"
"172.24.236.117","224.0.0.251","17","33:33:00:00:00:fb","54:b8:02:a6:6d:97","56710"
"172.24.236.117","224.0.0.251","17","33:33:00:00:00:fb","54:b8:02:a6:6d:97","56710"
"172.24.236.117","224.0.0.251","17","33:33:00:00:00:fb","54:b8:02:a6:6d:97","56710"
"172.24.236.117","224.0.0.251","17","33:33:00:00:00:fb","54:b8:02:a6:6d:97","56710"
"172.24.236.117","224.0.0.251","17","33:33:00:00:00:fb","54:b8:02:a6:6d:97","56710"
"172.24.236.117","224.0.0.251","17","33:33:00:00:00:fb","54:b8:02:a6:6d:97","56710"
"172.24.236.117","224.0.0.251","17","33:33:00:00:00:fb","54:b8:02:a6:6d:97","56710"
"172.24.236.117","224.0.0.251","17","33:33:00:00:00:fb","54:b8:02:a6:6d:97","56710"
"172.24.236.117","224.0.0.251","17","33:33:00:00:00:fb","54:b8:02:a6:6d:97","56710"
"172.24.236.117","224.0.0.251","17","33:33:00:00:00:fb","54:b8:02:a6:6d:97","56710"
"172.24.236.117","224.0.0.251","17","33:33:00:00:00:fb","54:b8:02:a6:6d:97","56710"
"172.24.236.196","255.255.255.255","17","ff:ff:ff:ff:ff:ff","1c:3e:84:e6:53:29","8"
"172.24.236.196","255.255.255.255","17","ff:ff:ff:ff:ff:ff","1c:3e:84:e6:53:29","8"
"172.24.236.196","255.255.255.255","17","ff:ff:ff:ff:ff:ff","1c:3e:84:e6:53:29","8"
"172.24.236.196","255.255.255.255","17","ff:ff:ff:ff:ff:ff","1c:3e:84:e6:53:29","8"
"172.24.236.196","255.255.255.255","17","ff:ff:ff:ff:ff:ff","1c:3e:84:e6:53:29","8"
"172.24.236.196","255.255.255.255","17","ff:ff:ff:ff:ff:ff","1c:3e:84:e6:53:29","8"
"172.24.236.196","255.255.255.255","17","ff:ff:ff:ff:ff:ff","1c:3e:84:e6:53:29","8"
"172.24.236.196","255.255.255.255","17","ff:ff:ff:ff:ff:ff","1c:3e:84:e6:53:29","8"
"172.24.236.196","255.255.255.255","17","ff:ff:ff:ff:ff:ff","1c:3e:84:e6:53:29","8"
"172.24.236.196","255.255.255.255","17","ff:ff:ff:ff:ff:ff","1c:3e:84:e6:53:29","8"
"172.24.236.196","255.255.255.255","17","ff:ff:ff:ff:ff:ff","1c:3e:84:e6:53:29","8"
"172.24.236.196","255.255.255.255","17","ff:ff:ff:ff:ff:ff","1c:3e:84:e6:53:29","8"
"172.24.236.196","255.255.255.255","17","ff:ff:ff:ff:ff:ff","1c:3e:84:e6:53:29","8"
"172.24.236.196","255.255.255.255","17","ff:ff:ff:ff:ff:ff","1c:3e:84:e6:53:29","8"
"172.24.236.196","172.24.239.255","17","ff:ff:ff:ff:ff:ff","1c:3e:84:e6:53:29","8"
"172.24.236.196","172.24.239.255","17","ff:ff:ff:ff:ff:ff","1c:3e:84:e6:53:29","8"
"172.24.236.196","172.24.239.255","17","ff:ff:ff:ff:ff:ff","1c:3e:84:e6:53:29","8"
"172.24.236.196","172.24.239.255","17","ff:ff:ff:ff:ff:ff","1c:3e:84:e6:53:29","8"
"172.24.236.196","172.24.239.255","17","ff:ff:ff:ff:ff:ff","1c:3e:84:e6:53:29","8"
"172.24.236.196","172.24.239.255","17","ff:ff:ff:ff:ff:ff","1c:3e:84:e6:53:29","8"
"172.24.236.196","172.24.239.255","17","ff:ff:ff:ff:ff:ff","1c:3e:84:e6:53:29","8"
"172.24.236.196","172.24.239.255","17","ff:ff:ff:ff:ff:ff","1c:3e:84:e6:53:29","8"
"172.24.236.196","172.24.239.255","17","ff:ff:ff:ff:ff:ff","1c:3e:84:e6:53:29","8"
"172.24.236.196","172.24.239.255","17","ff:ff:ff:ff:ff:ff","1c:3e:84:e6:53:29","8"
"172.24.236.196","172.24.239.255","17","ff:ff:ff:ff:ff:ff","1c:3e:84:e6:53:29","8"
"172.24.236.196","172.24.239.255","17","ff:ff:ff:ff:ff:ff","1c:3e:84:e6:53:29","8"
"172.24.236.196","172.24.239.255","17","ff:ff:ff:ff:ff:ff","1c:3e:84:e6:53:29","8"
"172.24.236.196","172.24.239.255","17","ff:ff:ff:ff:ff:ff","1c:3e:84:e6:53:29","8"
"172.24.236.196","172.24.239.255","17","ff:ff:ff:ff:ff:ff","1c:3e:84:e6:53:29","8"
"172.24.237.194","172.24.239.255","17","ff:ff:ff:ff:ff:ff","74:2f:68:b6:5b:18","8"
"172.24.237.194","172.24.239.255","17","ff:ff:ff:ff:ff:ff","74:2f:68:b6:5b:18","8"
"172.24.237.194","172.24.239.255","17","ff:ff:ff:ff:ff:ff","74:2f:68:b6:5b:18","8"
"172.24.237.194","172.24.239.255","17","ff:ff:ff:ff:ff:ff","74:2f:68:b6:5b:18","8"
"172.24.237.194","172.24.239.255","17","ff:ff:ff:ff:ff:ff","74:2f:68:b6:5b:18","8"
"172.24.237.194","172.24.239.255","17","ff:ff:ff:ff:ff:ff","74:2f:68:b6:5b:18","8"
"172.24.237.194","172.24.239.255","17","ff:ff:ff:ff:ff:ff","74:2f:68:b6:5b:18","8"
"172.24.237.194","172.24.239.255","17","ff:ff:ff:ff:ff:ff","74:2f:68:b6:5b:18","8"
"172.24.237.194","172.24.239.255","17","ff:ff:ff:ff:ff:ff","74:2f:68:b6:5b:18","8"
"172.24.237.194","172.24.239.255","17","ff:ff:ff:ff:ff:ff","74:2f:68:b6:5b:18","8"
"172.24.237.194","172.24.239.255","17","ff:ff:ff:ff:ff:ff","74:2f:68:b6:5b:18","8"
"172.24.237.194","172.24.239.255","17","ff:ff:ff:ff:ff:ff","74:2f:68:b6:5b:18","8"
"172.24.237.194","172.24.239.255","17","ff:ff:ff:ff:ff:ff","74:2f:68:b6:5b:18","8"
"172.24.143.122","255.255.255.255","17","ff:ff:ff:ff:ff:ff","ec:bd:1d:66:90:28","8"
"172.24.143.122","255.255.255.255","17","ff:ff:ff:ff:ff:ff","ec:bd:1d:66:90:28","8"
"172.24.143.122","255.255.255.255","17","ff:ff:ff:ff:ff:ff","ec:bd:1d:66:90:28","8"
"172.24.143.122","255.255.255.255","17","ff:ff:ff:ff:ff:ff","ec:bd:1d:66:90:28","8"
"172.24.143.122","255.255.255.255","17","ff:ff:ff:ff:ff:ff","ec:bd:1d:66:90:28","8"
"172.24.143.122","255.255.255.255","17","ff:ff:ff:ff:ff:ff","ec:bd:1d:66:90:28","8"
"172.24.143.122","255.255.255.255","17","ff:ff:ff:ff:ff:ff","ec:bd:1d:66:90:28","8"
"172.24.143.122","255.255.255.255","17","ff:ff:ff:ff:ff:ff","ec:bd:1d:66:90:28","8"
"172.24.143.122","255.255.255.255","17","ff:ff:ff:ff:ff:ff","ec:bd:1d:66:90:28","8"
"172.24.143.122","255.255.255.255","17","ff:ff:ff:ff:ff:ff","ec:bd:1d:66:90:28","8"
"172.24.143.122","255.255.255.255","17","ff:ff:ff:ff:ff:ff","ec:bd:1d:66:90:28","8"
"172.24.143.122","255.255.255.255","17","ff:ff:ff:ff:ff:ff","ec:bd:1d:66:90:28","8"
"172.24.143.122","255.255.255.255","17","ff:ff:ff:ff:ff:ff","ec:bd:1d:66:90:28","8"
"172.24.143.122","255.255.255.255","17","ff:ff:ff:ff:ff:ff","ec:bd:1d:66:90:28","8"
"172.24.143.122","255.255.255.255","17","ff:ff:ff:ff:ff:ff","ec:bd:1d:66:90:28","8"
"172.24.236.119","224.0.0.251","17","01:00:5e:00:00:fb","08:25:25:29:44:7f","8"
"172.24.236.119","224.0.0.251","17","01:00:5e:00:00:fb","08:25:25:29:44:7f","8"
"172.24.236.119","224.0.0.251","17","01:00:5e:00:00:fb","08:25:25:29:44:7f","8"
"172.24.236.119","224.0.0.251","17","01:00:5e:00:00:fb","08:25:25:29:44:7f","8"
"172.24.236.119","224.0.0.251","17","01:00:5e:00:00:fb","08:25:25:29:44:7f","8"
"172.24.236.119","224.0.0.251","17","01:00:5e:00:00:fb","08:25:25:29:44:7f","8"
"172.24.236.119","224.0.0.251","17","01:00:5e:00:00:fb","08:25:25:29:44:7f","8"
"172.24.236.119","224.0.0.251","17","01:00:5e:00:00:fb","08:25:25:29:44:7f","8"
"172.24.236.119","224.0.0.251","17","01:00:5e:00:00:fb","08:25:25:29:44:7f","8"
"172.24.236.119","224.0.0.251","17","01:00:5e:00:00:fb","08:25:25:29:44:7f","8"
"172.24.236.119","224.0.0.251","17","01:00:5e:00:00:fb","08:25:25:29:44:7f","8"
"172.24.236.119","224.0.0.251","17","01:00:5e:00:00:fb","08:25:25:29:44:7f","8"
"172.24.236.119","224.0.0.251","17","01:00:5e:00:00:fb","08:25:25:29:44:7f","8"
"172.24.236.119","224.0.0.251","17","01:00:5e:00:00:fb","08:25:25:29:44:7f","8"
"172.24.236.119","224.0.0.251","17","01:00:5e:00:00:fb","08:25:25:29:44:7f","8"
"172.24.143.122","255.255.255.255","17","ff:ff:ff:ff:ff:ff","ec:bd:1d:66:90:28","8"
"172.24.143.122","255.255.255.255","17","ff:ff:ff:ff:ff:ff","ec:bd:1d:66:90:28","8"
"172.24.143.122","255.255.255.255","17","ff:ff:ff:ff:ff:ff","ec:bd:1d:66:90:28","8"
"172.24.143.122","255.255.255.255","17","ff:ff:ff:ff:ff:ff","ec:bd:1d:66:90:28","8"
"172.24.143.122","255.255.255.255","17","ff:ff:ff:ff:ff:ff","ec:bd:1d:66:90:28","8"
"172.24.143.122","255.255.255.255","17","ff:ff:ff:ff:ff:ff","ec:bd:1d:66:90:28","8"
"172.24.143.122","255.255.255.255","17","ff:ff:ff:ff:ff:ff","ec:bd:1d:66:90:28","8"
"172.24.143.122","255.255.255.255","17","ff:ff:ff:ff:ff:ff","ec:bd:1d:66:90:28","8"
"172.24.143.122","255.255.255.255","17","ff:ff:ff:ff:ff:ff","ec:bd:1d:66:90:28","8"
"172.24.143.122","255.255.255.255","17","ff:ff:ff:ff:ff:ff","ec:bd:1d:66:90:28","8"
"172.24.143.122","255.255.255.255","17","ff:ff:ff:ff:ff:ff","ec:bd:1d:66:90:28","8"
"172.24.143.122","255.255.255.255","17","ff:ff:ff:ff:ff:ff","ec:bd:1d:66:90:28","8"
"172.24.143.122","255.255.255.255","17","ff:ff:ff:ff:ff:ff","ec:bd:1d:66:90:28","8"
"172.24.143.122","255.255.255.255","17","ff:ff:ff:ff:ff:ff","ec:bd:1d:66:90:28","8"
"172.24.143.122","255.255.255.255","17","ff:ff:ff:ff:ff:ff","ec:bd:1d:66:90:28","8"
"172.24.143.122","255.255.255.255","17","ff:ff:ff:ff:ff:ff","ec:bd:1d:66:90:28","8"
"172.24.143.122","255.255.255.255","17","ff:ff:ff:ff:ff:ff","ec:bd:1d:66:90:28","8"
"172.24.143.122","255.255.255.255","17","ff:ff:ff:ff:ff:ff","ec:bd:1d:66:90:28","8"
"172.24.143.122","255.255.255.255","17","ff:ff:ff:ff:ff:ff","ec:bd:1d:66:90:28","8"
"172.24.143.122","255.255.255.255","17","ff:ff:ff:ff:ff:ff","ec:bd:1d:66:90:28","8"
"172.24.143.122","255.255.255.255","17","ff:ff:ff:ff:ff:ff","ec:bd:1d:66:90:28","8"
"172.24.143.122","255.255.255.255","17","ff:ff:ff:ff:ff:ff","ec:bd:1d:66:90:28","8"
"172.24.143.122","255.255.255.255","17","ff:ff:ff:ff:ff:ff","ec:bd:1d:66:90:28","8"
"172.24.236.117","224.0.0.251","17","01:00:5e:00:00:fb","54:b8:02:a6:6d:97","8"
"172.24.236.117","224.0.0.251","17","01:00:5e:00:00:fb","54:b8:02:a6:6d:97","8"
"172.24.236.117","224.0.0.251","17","01:00:5e:00:00:fb","54:b8:02:a6:6d:97","8"
"172.24.236.117","224.0.0.251","17","01:00:5e:00:00:fb","54:b8:02:a6:6d:97","8"
"172.24.236.117","224.0.0.251","17","01:00:5e:00:00:fb","54:b8:02:a6:6d:97","8"
"172.24.236.117","224.0.0.251","17","01:00:5e:00:00:fb","54:b8:02:a6:6d:97","8"
"172.24.236.117","224.0.0.251","17","01:00:5e:00:00:fb","54:b8:02:a6:6d:97","8"
"172.24.236.117","224.0.0.251","17","01:00:5e:00:00:fb","54:b8:02:a6:6d:97","8"
"172.24.236.117","224.0.0.251","17","01:00:5e:00:00:fb","54:b8:02:a6:6d:97","8"
"172.24.236.117","224.0.0.251","17","01:00:5e:00:00:fb","54:b8:02:a6:6d:97","8"
"172.24.236.117","224.0.0.251","17","01:00:5e:00:00:fb","54:b8:02:a6:6d:97","8"
"172.24.236.117","224.0.0.251","17","01:00:5e:00:00:fb","54:b8:02:a6:6d:97","8"
"172.24.236.117","224.0.0.251","17","01:00:5e:00:00:fb","54:b8:02:a6:6d:97","8"
"172.24.236.117","224.0.0.251","17","01:00:5e:00:00:fb","54:b8:02:a6:6d:97","8"
"172.24.143.122","255.255.255.255","17","ff:ff:ff:ff:ff:ff","ec:bd:1d:66:90:28","8"
"172.24.143.122","255.255.255.255","17","ff:ff:ff:ff:ff:ff","ec:bd:1d:66:90:28","8"
"172.24.143.122","255.255.255.255","17","ff:ff:ff:ff:ff:ff","ec:bd:1d:66:90:28","8"
"172.24.143.122","255.255.255.255","17","ff:ff:ff:ff:ff:ff","ec:bd:1d:66:90:28","8"
"172.24.143.122","255.255.255.255","17","ff:ff:ff:ff:ff:ff","ec:bd:1d:66:90:28","8"
"172.24.143.122","255.255.255.255","17","ff:ff:ff:ff:ff:ff","ec:bd:1d:66:90:28","8"
"172.24.143.122","255.255.255.255","17","ff:ff:ff:ff:ff:ff","ec:bd:1d:66:90:28","8"
"172.24.143.122","255.255.255.255","17","ff:ff:ff:ff:ff:ff","ec:bd:1d:66:90:28","8"
"172.24.143.122","255.255.255.255","17","ff:ff:ff:ff:ff:ff","ec:bd:1d:66:90:28","8"
"172.24.143.122","255.255.255.255","17","ff:ff:ff:ff:ff:ff","ec:bd:1d:66:90:28","8"
"172.24.143.122","255.255.255.255","17","ff:ff:ff:ff:ff:ff","ec:bd:1d:66:90:28","8"
"172.24.143.122","255.255.255.255","17","ff:ff:ff:ff:ff:ff","ec:bd:1d:66:90:28","8"
"172.24.143.122","255.255.255.255","17","ff:ff:ff:ff:ff:ff","ec:bd:1d:66:90:28","8"
"172.24.143.122","255.255.255.255","17","ff:ff:ff:ff:ff:ff","ec:bd:1d:66:90:28","8"
"172.24.236.163","224.0.0.251","17","01:00:5e:00:00:fb","1c:56:fe:f5:53:85","8"
"172.24.236.163","224.0.0.251","17","01:00:5e:00:00:fb","1c:56:fe:f5:53:85","8"
"172.24.236.163","224.0.0.251","17","01:00:5e:00:00:fb","1c:56:fe:f5:53:85","8"
"172.24.236.163","224.0.0.251","17","01:00:5e:00:00:fb","1c:56:fe:f5:53:85","8"
"172.24.236.163","224.0.0.251","17","01:00:5e:00:00:fb","1c:56:fe:f5:53:85","8"
"172.24.236.163","224.0.0.251","17","01:00:5e:00:00:fb","1c:56:fe:f5:53:85","8"
"172.24.236.163","224.0.0.251","17","01:00:5e:00:00:fb","1c:56:fe:f5:53:85","8"
"172.24.236.163","224.0.0.251","17","01:00:5e:00:00:fb","1c:56:fe:f5:53:85","8"
"172.24.236.163","224.0.0.251","17","01:00:5e:00:00:fb","1c:56:fe:f5:53:85","8"
"172.24.236.163","224.0.0.251","17","01:00:5e:00:00:fb","1c:56:fe:f5:53:85","8"
"172.24.236.163","224.0.0.251","17","01:00:5e:00:00:fb","1c:56:fe:f5:53:85","8"
"172.24.236.163","224.0.0.251","17","01:00:5e:00:00:fb","1c:56:fe:f5:53:85","8"
"172.24.236.163","224.0.0.251","17","01:00:5e:00:00:fb","1c:56:fe:f5:53:85","8"
"172.24.236.163","224.0.0.251","17","01:00:5e:00:00:fb","1c:56:fe:f5:53:85","8"
"172.24.236.163","224.0.0.251","17","01:00:5e:00:00:fb","1c:56:fe:f5:53:85","8"
"172.24.236.212","224.0.0.251","17","01:00:5e:00:00:fb","5c:5f:67:6e:76:f7","8"
"172.24.236.212","224.0.0.251","17","01:00:5e:00:00:fb","5c:5f:67:6e:76:f7","8"
"172.24.236.212","224.0.0.251","17","01:00:5e:00:00:fb","5c:5f:67:6e:76:f7","8"
"172.24.236.212","224.0.0.251","17","01:00:5e:00:00:fb","5c:5f:67:6e:76:f7","8"
"172.24.236.212","224.0.0.251","17","01:00:5e:00:00:fb","5c:5f:67:6e:76:f7","8"
"172.24.236.212","224.0.0.251","17","01:00:5e:00:00:fb","5c:5f:67:6e:76:f7","8"
"172.24.236.212","224.0.0.251","17","01:00:5e:00:00:fb","5c:5f:67:6e:76:f7","8"
"172.24.236.212","224.0.0.251","17","01:00:5e:00:00:fb","5c:5f:67:6e:76:f7","8"
"172.24.236.212","224.0.0.251","17","01:00:5e:00:00:fb","5c:5f:67:6e:76:f7","8"
"172.24.236.212","224.0.0.251","17","01:00:5e:00:00:fb","5c:5f:67:6e:76:f7","8"
"172.24.236.212","224.0.0.251","17","01:00:5e:00:00:fb","5c:5f:67:6e:76:f7","8"
"172.24.236.212","224.0.0.251","17","01:00:5e:00:00:fb","5c:5f:67:6e:76:f7","8"
"172.24.236.212","224.0.0.251","17","01:00:5e:00:00:fb","5c:5f:67:6e:76:f7","8"
"172.24.236.212","224.0.0.251","17","01:00:5e:00:00:fb","5c:5f:67:6e:76:f7","8"
"172.24.236.212","224.0.0.251","17","01:00:5e:00:00:fb","5c:5f:67:6e:76:f7","8"
"172.24.236.212","224.0.0.251","17","01:00:5e:00:00:fb","5c:5f:67:6e:76:f7","8"
"172.24.236.212","224.0.0.251","17","01:00:5e:00:00:fb","5c:5f:67:6e:76:f7","8"
"172.24.236.212","224.0.0.251","17","01:00:5e:00:00:fb","5c:5f:67:6e:76:f7","8"
"172.24.236.212","224.0.0.251","17","01:00:5e:00:00:fb","5c:5f:67:6e:76:f7","8"
"172.24.236.212","224.0.0.251","17","01:00:5e:00:00:fb","5c:5f:67:6e:76:f7","8"
"172.24.236.212","224.0.0.251","17","01:00:5e:00:00:fb","5c:5f:67:6e:76:f7","8"
"172.24.236.212","224.0.0.251","17","01:00:5e:00:00:fb","5c:5f:67:6e:76:f7","8"
"172.24.236.212","224.0.0.251","17","01:00:5e:00:00:fb","5c:5f:67:6e:76:f7","8"
"172.24.236.212","224.0.0.251","17","01:00:5e:00:00:fb","5c:5f:67:6e:76:f7","8"
"172.24.236.212","224.0.0.251","17","01:00:5e:00:00:fb","5c:5f:67:6e:76:f7","8"
"172.24.236.212","224.0.0.251","17","01:00:5e:00:00:fb","5c:5f:67:6e:76:f7","8"
"172.24.236.212","224.0.0.251","17","01:00:5e:00:00:fb","5c:5f:67:6e:76:f7","8"
"172.24.236.212","224.0.0.251","17","01:00:5e:00:00:fb","5c:5f:67:6e:76:f7","8"
"172.24.236.212","224.0.0.251","17","01:00:5e:00:00:fb","5c:5f:67:6e:76:f7","8"
"172.24.236.212","224.0.0.251","17","01:00:5e:00:00:fb","5c:5f:67:6e:76:f7","8"
"172.24.236.212","224.0.0.251","17","01:00:5e:00:00:fb","5c:5f:67:6e:76:f7","8"
"172.24.236.212","224.0.0.251","17","01:00:5e:00:00:fb","5c:5f:67:6e:76:f7","8"
"172.24.236.212","224.0.0.251","17","01:00:5e:00:00:fb","5c:5f:67:6e:76:f7","8"
"172.24.236.212","224.0.0.251","17","01:00:5e:00:00:fb","5c:5f:67:6e:76:f7","8"
"172.24.236.212","224.0.0.251","17","01:00:5e:00:00:fb","5c:5f:67:6e:76:f7","8"
"172.24.236.212","224.0.0.251","17","01:00:5e:00:00:fb","5c:5f:67:6e:76:f7","8"
"172.24.236.212","224.0.0.251","17","01:00:5e:00:00:fb","5c:5f:67:6e:76:f7","8"
"172.24.236.212","224.0.0.251","17","01:00:5e:00:00:fb","5c:5f:67:6e:76:f7","8"
"172.24.236.212","224.0.0.251","17","01:00:5e:00:00:fb","5c:5f:67:6e:76:f7","8"
"172.24.236.212","224.0.0.251","17","01:00:5e:00:00:fb","5c:5f:67:6e:76:f7","8"
"172.24.236.212","224.0.0.251","17","01:00:5e:00:00:fb","5c:5f:67:6e:76:f7","8"
"172.24.236.212","224.0.0.251","17","01:00:5e:00:00:fb","5c:5f:67:6e:76:f7","8"
"172.24.236.212","224.0.0.251","17","01:00:5e:00:00:fb","5c:5f:67:6e:76:f7","8"
"172.24.236.212","224.0.0.251","17","01:00:5e:00:00:fb","5c:5f:67:6e:76:f7","8"
"172.24.236.212","224.0.0.251","17","01:00:5e:00:00:fb","5c:5f:67:6e:76:f7","8"
"172.24.236.212","224.0.0.251","17","01:00:5e:00:00:fb","5c:5f:67:6e:76:f7","8"
"172.24.236.212","224.0.0.251","17","01:00:5e:00:00:fb","5c:5f:67:6e:76:f7","8"
"172.24.236.212","224.0.0.251","17","01:00:5e:00:00:fb","5c:5f:67:6e:76:f7","8"
"172.24.236.212","224.0.0.251","17","01:00:5e:00:00:fb","5c:5f:67:6e:76:f7","8"
"172.24.236.212","224.0.0.251","17","01:00:5e:00:00:fb","5c:5f:67:6e:76:f7","8"
"172.24.236.212","224.0.0.251","17","01:00:5e:00:00:fb","5c:5f:67:6e:76:f7","8"
"172.24.236.212","224.0.0.251","17","01:00:5e:00:00:fb","5c:5f:67:6e:76:f7","8"
"172.24.236.212","224.0.0.251","17","01:00:5e:00:00:fb","5c:5f:67:6e:76:f7","8"
"172.24.236.178","224.0.0.251","17","01:00:5e:00:00:fb","20:34:fb:5f:42:67","8"
"172.24.236.178","224.0.0.251","17","01:00:5e:00:00:fb","20:34:fb:5f:42:67","8"
"172.24.236.178","224.0.0.251","17","01:00:5e:00:00:fb","20:34:fb:5f:42:67","8"
"172.24.236.178","224.0.0.251","17","01:00:5e:00:00:fb","20:34:fb:5f:42:67","8"
"172.24.236.178","224.0.0.251","17","01:00:5e:00:00:fb","20:34:fb:5f:42:67","8"
"172.24.236.178","224.0.0.251","17","01:00:5e:00:00:fb","20:34:fb:5f:42:67","8"
"172.24.236.178","224.0.0.251","17","01:00:5e:00:00:fb","20:34:fb:5f:42:67","8"
"172.24.236.178","224.0.0.251","17","01:00:5e:00:00:fb","20:34:fb:5f:42:67","8"
"172.24.236.178","224.0.0.251","17","01:00:5e:00:00:fb","20:34:fb:5f:42:67","8"
"172.24.236.178","224.0.0.251","17","01:00:5e:00:00:fb","20:34:fb:5f:42:67","8"
"172.24.236.178","224.0.0.251","17","01:00:5e:00:00:fb","20:34:fb:5f:42:67","8"
"172.24.236.178","224.0.0.251","17","01:00:5e:00:00:fb","20:34:fb:5f:42:67","8"
"172.24.236.178","224.0.0.251","17","01:00:5e:00:00:fb","20:34:fb:5f:42:67","8"
"172.24.236.178","224.0.0.251","17","01:00:5e:00:00:fb","20:34:fb:5f:42:67","8"
"172.24.236.178","224.0.0.251","17","01:00:5e:00:00:fb","20:34:fb:5f:42:67","8"
"172.24.236.178","224.0.0.251","17","33:33:00:00:00:16","54:b8:02:a6:6d:97","56710"
"172.24.236.178","224.0.0.251","17","33:33:00:00:00:16","54:b8:02:a6:6d:97","56710"
"172.24.236.178","224.0.0.251","17","33:33:00:00:00:16","54:b8:02:a6:6d:97","56710"
"172.24.236.178","224.0.0.251","17","33:33:00:00:00:16","54:b8:02:a6:6d:97","56710"
"172.24.236.178","224.0.0.251","17","33:33:00:00:00:16","54:b8:02:a6:6d:97","56710"
"172.24.236.178","224.0.0.251","17","33:33:00:00:00:16","54:b8:02:a6:6d:97","56710"
"172.24.236.178","224.0.0.251","17","33:33:00:00:00:16","54:b8:02:a6:6d:97","56710"
"172.24.236.178","224.0.0.251","17","33:33:00:00:00:16","54:b8:02:a6:6d:97","56710"
"172.24.236.178","224.0.0.251","17","33:33:00:00:00:16","54:b8:02:a6:6d:97","56710"
"172.24.236.178","224.0.0.251","17","33:33:00:00:00:16","54:b8:02:a6:6d:97","56710"
"172.24.236.178","224.0.0.251","17","33:33:00:00:00:16","54:b8:02:a6:6d:97","56710"
"172.24.236.178","224.0.0.251","17","33:33:00:00:00:16","54:b8:02:a6:6d:97","56710"
"172.24.236.178","224.0.0.251","17","33:33:00:00:00:16","54:b8:02:a6:6d:97","56710"
"172.24.236.178","224.0.0.251","17","33:33:00:00:00:16","54:b8:02:a6:6d:97","56710"
"172.24.236.212","224.0.0.251","17","01:00:5e:00:00:fb","5c:5f:67:6e:76:f7","8"
"172.24.236.212","224.0.0.251","17","01:00:5e:00:00:fb","5c:5f:67:6e:76:f7","8"
"172.24.236.212","224.0.0.251","17","01:00:5e:00:00:fb","5c:5f:67:6e:76:f7","8"
"172.24.236.212","224.0.0.251","17","01:00:5e:00:00:fb","5c:5f:67:6e:76:f7","8"
"172.24.236.212","224.0.0.251","17","01:00:5e:00:00:fb","5c:5f:67:6e:76:f7","8"
"172.24.236.212","224.0.0.251","17","01:00:5e:00:00:fb","5c:5f:67:6e:76:f7","8"
"172.24.236.212","224.0.0.251","17","01:00:5e:00:00:fb","5c:5f:67:6e:76:f7","8"
"172.24.236.212","224.0.0.251","17","01:00:5e:00:00:fb","5c:5f:67:6e:76:f7","8"
"172.24.236.212","224.0.0.251","17","01:00:5e:00:00:fb","5c:5f:67:6e:76:f7","8"
"172.24.236.212","224.0.0.251","17","01:00:5e:00:00:fb","5c:5f:67:6e:76:f7","8"
"172.24.236.212","224.0.0.251","17","01:00:5e:00:00:fb","5c:5f:67:6e:76:f7","8"
"172.24.236.212","224.0.0.251","17","01:00:5e:00:00:fb","5c:5f:67:6e:76:f7","8"
"172.24.236.212","224.0.0.251","17","01:00:5e:00:00:fb","5c:5f:67:6e:76:f7","8"
"172.24.236.212","224.0.0.251","17","01:00:5e:00:00:fb","5c:5f:67:6e:76:f7","8"
"172.24.236.212","224.0.0.251","17","01:00:5e:00:00:fb","5c:5f:67:6e:76:f7","8"
"172.24.236.212","224.0.0.251","17","01:00:5e:00:00:fb","5c:5f:67:6e:76:f7","8"
"172.24.236.212","224.0.0.251","17","01:00:5e:00:00:fb","5c:5f:67:6e:76:f7","8"
"172.24.236.212","224.0.0.251","17","01:00:5e:00:00:fb","5c:5f:67:6e:76:f7","8"
"172.24.236.212","224.0.0.251","17","01:00:5e:00:00:fb","5c:5f:67:6e:76:f7","8"
"172.24.236.212","224.0.0.251","17","01:00:5e:00:00:fb","5c:5f:67:6e:76:f7","8"
"172.24.236.212","224.0.0.251","17","01:00:5e:00:00:fb","5c:5f:67:6e:76:f7","8"
"172.24.236.212","224.0.0.251","17","01:00:5e:00:00:fb","5c:5f:67:6e:76:f7","8"
"172.24.236.212","224.0.0.251","17","01:00:5e:00:00:fb","5c:5f:67:6e:76:f7","8"
"172.24.236.212","224.0.0.251","17","01:00:5e:00:00:fb","5c:5f:67:6e:76:f7","8"
"172.24.236.212","224.0.0.251","17","01:00:5e:00:00:fb","5c:5f:67:6e:76:f7","8"
"172.24.236.212","224.0.0.251","17","01:00:5e:00:00:fb","5c:5f:67:6e:76:f7","8"
"172.24.236.212","224.0.0.251","17","01:00:5e:00:00:fb","5c:5f:67:6e:76:f7","8"
"172.24.236.119","224.0.0.251","17","01:00:5e:00:00:fb","08:25:25:29:44:7f","8"
"172.24.236.119","224.0.0.251","17","01:00:5e:00:00:fb","08:25:25:29:44:7f","8"
"172.24.236.119","224.0.0.251","17","01:00:5e:00:00:fb","08:25:25:29:44:7f","8"
"172.24.236.119","224.0.0.251","17","01:00:5e:00:00:fb","08:25:25:29:44:7f","8"
"172.24.236.119","224.0.0.251","17","01:00:5e:00:00:fb","08:25:25:29:44:7f","8"
"172.24.236.119","224.0.0.251","17","01:00:5e:00:00:fb","08:25:25:29:44:7f","8"
"172.24.236.119","224.0.0.251","17","01:00:5e:00:00:fb","08:25:25:29:44:7f","8"
"172.24.236.119","224.0.0.251","17","01:00:5e:00:00:fb","08:25:25:29:44:7f","8"
"172.24.236.119","224.0.0.251","17","01:00:5e:00:00:fb","08:25:25:29:44:7f","8"
"172.24.236.119","224.0.0.251","17","01:00:5e:00:00:fb","08:25:25:29:44:7f","8"
"172.24.236.119","224.0.0.251","17","01:00:5e:00:00:fb","08:25:25:29:44:7f","8"
"172.24.238.217","224.0.0.251","17","01:00:5e:00:00:fb","50:3e:aa:9d:02:5b","8"
"172.24.238.217","224.0.0.251","17","01:00:5e:00:00:fb","50:3e:aa:9d:02:5b","8"
"172.24.238.217","224.0.0.251","17","01:00:5e:00:00:fb","50:3e:aa:9d:02:5b","8"
"172.24.238.217","224.0.0.251","17","01:00:5e:00:00:fb","50:3e:aa:9d:02:5b","8"
"172.24.237.194","172.24.239.255","17","ff:ff:ff:ff:ff:ff","74:2f:68:b6:5b:18","8"
"172.24.237.194","172.24.239.255","17","ff:ff:ff:ff:ff:ff","74:2f:68:b6:5b:18","8"
"172.24.237.194","172.24.239.255","17","ff:ff:ff:ff:ff:ff","74:2f:68:b6:5b:18","8"
"172.24.237.194","172.24.239.255","17","ff:ff:ff:ff:ff:ff","74:2f:68:b6:5b:18","8"
"172.24.237.194","172.24.239.255","17","ff:ff:ff:ff:ff:ff","74:2f:68:b6:5b:18","8"
"172.24.237.194","172.24.239.255","17","ff:ff:ff:ff:ff:ff","74:2f:68:b6:5b:18","8"
"172.24.237.194","172.24.239.255","17","ff:ff:ff:ff:ff:ff","74:2f:68:b6:5b:18","8"
"172.24.237.194","172.24.239.255","17","ff:ff:ff:ff:ff:ff","74:2f:68:b6:5b:18","8"
"172.24.237.194","172.24.239.255","17","ff:ff:ff:ff:ff:ff","74:2f:68:b6:5b:18","8"
"172.24.237.194","172.24.239.255","17","ff:ff:ff:ff:ff:ff","74:2f:68:b6:5b:18","8"
"172.24.237.194","172.24.239.255","17","ff:ff:ff:ff:ff:ff","74:2f:68:b6:5b:18","8"
"172.24.237.194","172.24.239.255","17","ff:ff:ff:ff:ff:ff","74:2f:68:b6:5b:18","8"
"172.24.237.194","172.24.239.255","17","ff:ff:ff:ff:ff:ff","74:2f:68:b6:5b:18","8"
"172.24.237.194","172.24.239.255","17","ff:ff:ff:ff:ff:ff","74:2f:68:b6:5b:18","8"
"172.24.237.194","172.24.239.255","17","01:80:c2:00:00:00","cc:98:91:80:b4:13","11776"
"172.24.237.194","172.24.239.255","17","01:80:c2:00:00:00","cc:98:91:80:b4:13","11776"
"172.24.237.194","172.24.239.255","17","01:80:c2:00:00:00","cc:98:91:80:b4:13","11776"
"172.24.237.194","172.24.239.255","17","01:80:c2:00:00:00","cc:98:91:80:b4:13","11776"
"172.24.237.194","172.24.239.255","17","01:80:c2:00:00:00","cc:98:91:80:b4:13","11776"
"172.24.237.194","172.24.239.255","17","01:80:c2:00:00:00","cc:98:91:80:b4:13","11776"
"172.24.237.194","172.24.239.255","17","01:80:c2:00:00:00","cc:98:91:80:b4:13","11776"
"172.24.237.194","172.24.239.255","17","01:80:c2:00:00:00","cc:98:91:80:b4:13","11776"
"172.24.237.194","172.24.239.255","17","01:80:c2:00:00:00","cc:98:91:80:b4:13","11776"
"172.24.237.194","172.24.239.255","17","01:80:c2:00:00:00","cc:98:91:80:b4:13","11776"
"172.24.237.194","172.24.239.255","17","01:80:c2:00:00:00","cc:98:91:80:b4:13","11776"
"172.24.237.194","172.24.239.255","17","01:80:c2:00:00:00","cc:98:91:80:b4:13","11776"
"172.24.237.194","172.24.239.255","17","01:80:c2:00:00:00","cc:98:91:80:b4:13","11776"
"172.24.237.194","172.24.239.255","17","01:80:c2:00:00:00","cc:98:91:80:b4:13","11776"
"172.24.237.194","172.24.239.255","17","ff:ff:ff:ff:ff:ff","74:2f:68:b6:5b:18","8"
"172.24.237.194","172.24.239.255","17","ff:ff:ff:ff:ff:ff","74:2f:68:b6:5b:18","8"
"172.24.237.194","172.24.239.255","17","ff:ff:ff:ff:ff:ff","74:2f:68:b6:5b:18","8"
"172.24.237.194","172.24.239.255","17","ff:ff:ff:ff:ff:ff","74:2f:68:b6:5b:18","8"
"172.24.237.194","172.24.239.255","17","ff:ff:ff:ff:ff:ff","74:2f:68:b6:5b:18","8"
"172.24.237.194","172.24.239.255","17","ff:ff:ff:ff:ff:ff","74:2f:68:b6:5b:18","8"
"172.24.237.194","172.24.239.255","17","ff:ff:ff:ff:ff:ff","74:2f:68:b6:5b:18","8"
"172.24.237.194","172.24.239.255","17","ff:ff:ff:ff:ff:ff","74:2f:68:b6:5b:18","8"
"172.24.237.194","172.24.239.255","17","ff:ff:ff:ff:ff:ff","74:2f:68:b6:5b:18","8"
"172.24.237.194","172.24.239.255","17","ff:ff:ff:ff:ff:ff","74:2f:68:b6:5b:18","8"
"172.24.237.194","172.24.239.255","17","ff:ff:ff:ff:ff:ff","74:2f:68:b6:5b:18","8"
"172.24.237.194","172.24.239.255","17","ff:ff:ff:ff:ff:ff","74:2f:68:b6:5b:18","8"
"172.24.237.194","172.24.239.255","17","ff:ff:ff:ff:ff:ff","74:2f:68:b6:5b:18","8"
"172.24.237.194","172.24.239.255","17","ff:ff:ff:ff:ff:ff","74:2f:68:b6:5b:18","8"
"172.24.237.194","172.24.239.255","17","ff:ff:ff:ff:ff:ff","74:2f:68:b6:5b:18","8"
"172.24.237.194","172.24.239.255","17","33:33:00:00:00:02","70:3a:51:bd:30:32","56710"
"172.24.237.194","172.24.239.255","17","33:33:00:00:00:02","70:3a:51:bd:30:32","56710"
"172.24.237.194","172.24.239.255","17","33:33:00:00:00:02","70:3a:51:bd:30:32","56710"
"172.24.237.194","172.24.239.255","17","33:33:00:00:00:02","70:3a:51:bd:30:32","56710"
"172.24.237.194","172.24.239.255","17","33:33:00:00:00:02","70:3a:51:bd:30:32","56710"
"172.24.237.194","172.24.239.255","17","33:33:00:00:00:02","70:3a:51:bd:30:32","56710"
"172.24.237.194","172.24.239.255","17","33:33:00:00:00:02","70:3a:51:bd:30:32","56710"
"172.24.237.194","172.24.239.255","17","33:33:00:00:00:02","70:3a:51:bd:30:32","56710"
"172.24.237.194","172.24.239.255","17","33:33:00:00:00:02","70:3a:51:bd:30:32","56710"
"172.24.237.194","172.24.239.255","17","33:33:00:00:00:02","70:3a:51:bd:30:32","56710"
"172.24.237.194","172.24.239.255","17","33:33:00:00:00:02","70:3a:51:bd:30:32","56710"
"172.24.237.194","172.24.239.255","17","33:33:00:00:00:02","70:3a:51:bd:30:32","56710"
"172.24.237.194","172.24.239.255","17","33:33:00:00:00:02","70:3a:51:bd:30:32","56710"
"172.24.237.194","172.24.239.255","17","33:33:00:00:00:02","70:3a:51:bd:30:32","56710"
"172.24.237.194","172.24.239.255","17","33:33:00:00:00:02","70:3a:51:bd:30:32","56710"
"172.24.236.178","224.0.0.251","17","01:00:5e:00:00:fb","20:34:fb:5f:42:67","8"
"172.24.236.178","224.0.0.251","17","01:00:5e:00:00:fb","20:34:fb:5f:42:67","8"
"172.24.236.178","224.0.0.251","17","01:00:5e:00:00:fb","20:34:fb:5f:42:67","8"
"172.24.236.178","224.0.0.251","17","01:00:5e:00:00:fb","20:34:fb:5f:42:67","8"
"172.24.236.178","224.0.0.251","17","01:00:5e:00:00:fb","20:34:fb:5f:42:67","8"
"172.24.236.178","224.0.0.251","17","01:00:5e:00:00:fb","20:34:fb:5f:42:67","8"
"172.24.236.178","224.0.0.251","17","01:00:5e:00:00:fb","20:34:fb:5f:42:67","8"
"172.24.236.178","224.0.0.251","17","01:00:5e:00:00:fb","20:34:fb:5f:42:67","8"
"172.24.236.178","224.0.0.251","17","01:00:5e:00:00:fb","20:34:fb:5f:42:67","8"
"172.24.236.178","224.0.0.251","17","01:00:5e:00:00:fb","20:34:fb:5f:42:67","8"
"172.24.236.178","224.0.0.251","17","01:00:5e:00:00:fb","20:34:fb:5f:42:67","8"
"172.24.236.178","224.0.0.251","17","01:00:5e:00:00:fb","20:34:fb:5f:42:67","8"
"172.24.236.178","224.0.0.251","17","01:00:5e:00:00:fb","20:34:fb:5f:42:67","8"
"172.24.236.178","224.0.0.251","17","01:00:5e:00:00:fb","20:34:fb:5f:42:67","8"
"172.24.236.178","224.0.0.251","17","01:00:5e:00:00:fb","20:34:fb:5f:42:67","8"
"172.24.236.117","224.0.0.251","17","01:00:5e:00:00:fb","54:b8:02:a6:6d:97","8"
"172.24.236.117","224.0.0.251","17","01:00:5e:00:00:fb","54:b8:02:a6:6d:97","8"
"172.24.236.117","224.0.0.251","17","01:00:5e:00:00:fb","54:b8:02:a6:6d:97","8"
"172.24.236.117","224.0.0.251","17","01:00:5e:00:00:fb","54:b8:02:a6:6d:97","8"
"172.24.236.117","224.0.0.251","17","01:00:5e:00:00:fb","54:b8:02:a6:6d:97","8"
"172.24.236.117","224.0.0.251","17","01:00:5e:00:00:fb","54:b8:02:a6:6d:97","8"
"172.24.236.117","224.0.0.251","17","01:00:5e:00:00:fb","54:b8:02:a6:6d:97","8"
"172.24.236.117","224.0.0.251","17","01:00:5e:00:00:fb","54:b8:02:a6:6d:97","8"
"172.24.236.117","224.0.0.251","17","01:00:5e:00:00:fb","54:b8:02:a6:6d:97","8"
"172.24.236.117","224.0.0.251","17","01:00:5e:00:00:fb","54:b8:02:a6:6d:97","8"
"172.24.236.117","224.0.0.251","17","33:33:00:00:00:fb","54:b8:02:a6:6d:97","56710"
"172.24.236.117","224.0.0.251","17","33:33:00:00:00:fb","54:b8:02:a6:6d:97","56710"
"172.24.236.117","224.0.0.251","17","33:33:00:00:00:fb","54:b8:02:a6:6d:97","56710"
"172.24.236.117","224.0.0.251","17","33:33:00:00:00:fb","54:b8:02:a6:6d:97","56710"
"172.24.236.117","224.0.0.251","17","33:33:00:00:00:fb","54:b8:02:a6:6d:97","56710"
"172.24.236.117","224.0.0.251","17","33:33:00:00:00:fb","54:b8:02:a6:6d:97","56710"
"172.24.236.117","224.0.0.251","17","33:33:00:00:00:fb","54:b8:02:a6:6d:97","56710"
"172.24.236.117","224.0.0.251","17","33:33:00:00:00:fb","54:b8:02:a6:6d:97","56710"
"172.24.236.117","224.0.0.251","17","33:33:00:00:00:fb","54:b8:02:a6:6d:97","56710"
"172.24.236.117","224.0.0.251","17","33:33:00:00:00:fb","20:34:fb:5f:42:67","56710"
"172.24.236.117","224.0.0.251","17","33:33:00:00:00:fb","20:34:fb:5f:42:67","56710"
"172.24.236.117","224.0.0.251","17","33:33:00:00:00:fb","20:34:fb:5f:42:67","56710"
"172.24.236.117","224.0.0.251","17","33:33:00:00:00:fb","20:34:fb:5f:42:67","56710"
"172.24.236.117","224.0.0.251","17","33:33:00:00:00:fb","20:34:fb:5f:42:67","56710"
"172.24.236.117","224.0.0.251","17","33:33:00:00:00:fb","20:34:fb:5f:42:67","56710"
"172.24.236.117","224.0.0.251","17","33:33:00:00:00:fb","20:34:fb:5f:42:67","56710"
"172.24.236.117","224.0.0.251","17","33:33:00:00:00:fb","20:34:fb:5f:42:67","56710"
"172.24.236.117","224.0.0.251","17","33:33:00:00:00:fb","20:34:fb:5f:42:67","56710"
"172.24.236.117","224.0.0.251","17","33:33:00:00:00:fb","20:34:fb:5f:42:67","56710"
"172.24.236.117","224.0.0.251","17","33:33:00:00:00:fb","20:34:fb:5f:42:67","56710"
"172.24.236.117","224.0.0.251","17","33:33:00:00:00:fb","20:34:fb:5f:42:67","56710"
"172.24.236.117","224.0.0.251","17","33:33:00:00:00:fb","20:34:fb:5f:42:67","56710"
"172.24.236.117","224.0.0.251","17","33:33:00:00:00:fb","20:34:fb:5f:42:67","56710"
"172.24.236.117","224.0.0.251","17","33:33:00:00:00:fb","20:34:fb:5f:42:67","56710"
"172.24.236.128","224.0.0.251","17","01:00:5e:00:00:fb","70:bb:e9:2d:4a:9a","8"
"172.24.236.128","224.0.0.251","17","01:00:5e:00:00:fb","70:bb:e9:2d:4a:9a","8"
"172.24.236.128","224.0.0.251","17","01:00:5e:00:00:fb","70:bb:e9:2d:4a:9a","8"
"172.24.236.128","224.0.0.251","17","01:00:5e:00:00:fb","70:bb:e9:2d:4a:9a","8"
"172.24.236.128","224.0.0.251","17","01:00:5e:00:00:fb","70:bb:e9:2d:4a:9a","8"
"172.24.236.128","224.0.0.251","17","01:00:5e:00:00:fb","70:bb:e9:2d:4a:9a","8"
"172.24.236.128","224.0.0.251","17","01:00:5e:00:00:fb","70:bb:e9:2d:4a:9a","8"
"172.24.236.128","224.0.0.251","17","01:00:5e:00:00:fb","70:bb:e9:2d:4a:9a","8"
"172.24.236.128","224.0.0.251","17","01:00:5e:00:00:fb","70:bb:e9:2d:4a:9a","8"
"172.24.236.128","224.0.0.251","17","01:00:5e:00:00:fb","70:bb:e9:2d:4a:9a","8"
"172.24.222.186","224.0.0.251","17","01:00:5e:00:00:fb","4c:ed:fb:50:1b:1e","8"
"172.24.222.186","224.0.0.251","17","01:00:5e:00:00:fb","4c:ed:fb:50:1b:1e","8"
"172.24.222.186","224.0.0.251","17","01:00:5e:00:00:fb","4c:ed:fb:50:1b:1e","8"
"172.24.222.186","224.0.0.251","17","01:00:5e:00:00:fb","4c:ed:fb:50:1b:1e","8"
"172.24.222.186","224.0.0.251","17","01:00:5e:00:00:fb","4c:ed:fb:50:1b:1e","8"
"172.24.222.186","224.0.0.251","17","01:00:5e:00:00:fb","4c:ed:fb:50:1b:1e","8"
"172.24.222.186","224.0.0.251","17","01:00:5e:00:00:fb","4c:ed:fb:50:1b:1e","8"
"172.24.222.186","224.0.0.251","17","01:00:5e:00:00:fb","4c:ed:fb:50:1b:1e","8"
"172.24.222.186","224.0.0.251","17","01:00:5e:00:00:fb","4c:ed:fb:50:1b:1e","8"
"172.24.222.186","224.0.0.251","17","01:00:5e:00:00:fb","4c:ed:fb:50:1b:1e","8"
"172.24.222.186","224.0.0.251","17","01:00:5e:00:00:fb","4c:ed:fb:50:1b:1e","8"
"172.24.222.186","224.0.0.251","17","33:33:00:00:00:fb","4c:ed:fb:50:1b:1e","56710"
"172.24.222.186","224.0.0.251","17","33:33:00:00:00:fb","4c:ed:fb:50:1b:1e","56710"
"172.24.222.186","224.0.0.251","17","33:33:00:00:00:fb","4c:ed:fb:50:1b:1e","56710"
"172.24.222.186","224.0.0.251","17","33:33:00:00:00:fb","4c:ed:fb:50:1b:1e","56710"
"172.24.222.186","224.0.0.251","17","33:33:00:00:00:fb","4c:ed:fb:50:1b:1e","56710"
"172.24.222.186","224.0.0.251","17","33:33:00:00:00:fb","4c:ed:fb:50:1b:1e","56710"
"172.24.222.186","224.0.0.251","17","33:33:00:00:00:fb","4c:ed:fb:50:1b:1e","56710"
"172.24.222.186","224.0.0.251","17","33:33:00:00:00:fb","4c:ed:fb:50:1b:1e","56710"
"172.24.222.186","224.0.0.251","17","33:33:00:00:00:fb","4c:ed:fb:50:1b:1e","56710"
"172.24.222.186","224.0.0.251","17","33:33:00:00:00:fb","4c:ed:fb:50:1b:1e","56710"
"172.24.222.186","224.0.0.251","17","33:33:00:00:00:fb","4c:ed:fb:50:1b:1e","56710"
"172.24.222.186","224.0.0.251","17","33:33:00:00:00:fb","4c:ed:fb:50:1b:1e","56710"
"172.24.236.61","224.0.0.251","17","01:00:5e:00:00:fb","bc:2f:3d:6b:a1:44","8"
"172.24.236.61","224.0.0.251","17","01:00:5e:00:00:fb","bc:2f:3d:6b:a1:44","8"
"172.24.236.61","224.0.0.251","17","01:00:5e:00:00:fb","bc:2f:3d:6b:a1:44","8"
"172.24.236.61","224.0.0.251","17","01:00:5e:00:00:fb","bc:2f:3d:6b:a1:44","8"
"172.24.236.61","224.0.0.251","17","01:00:5e:00:00:fb","bc:2f:3d:6b:a1:44","8"
"172.24.236.61","224.0.0.251","17","01:00:5e:00:00:fb","bc:2f:3d:6b:a1:44","8"
"172.24.236.61","224.0.0.251","17","01:00:5e:00:00:fb","bc:2f:3d:6b:a1:44","8"
"172.24.236.61","224.0.0.251","17","01:00:5e:00:00:fb","bc:2f:3d:6b:a1:44","8"
"172.24.236.61","224.0.0.251","17","01:00:5e:00:00:fb","bc:2f:3d:6b:a1:44","8"
"172.24.236.61","224.0.0.251","17","01:00:5e:00:00:fb","bc:2f:3d:6b:a1:44","8"
"172.24.236.61","224.0.0.251","17","01:00:5e:00:00:fb","bc:2f:3d:6b:a1:44","8"
"172.24.236.61","224.0.0.251","17","01:00:5e:00:00:fb","bc:2f:3d:6b:a1:44","8"
"172.24.236.61","224.0.0.251","17","01:00:5e:00:00:fb","bc:2f:3d:6b:a1:44","8"
"172.24.236.61","224.0.0.251","17","01:00:5e:00:00:fb","bc:2f:3d:6b:a1:44","8"
"172.24.236.61","224.0.0.251","17","33:33:00:01:00:02","ec:bd:1d:66:90:28","56710"
"172.24.236.61","224.0.0.251","17","33:33:00:01:00:02","ec:bd:1d:66:90:28","56710"
"172.24.236.61","224.0.0.251","17","33:33:00:01:00:02","ec:bd:1d:66:90:28","56710"
"172.24.236.61","224.0.0.251","17","33:33:00:01:00:02","ec:bd:1d:66:90:28","56710"
"172.24.236.61","224.0.0.251","17","33:33:00:01:00:02","ec:bd:1d:66:90:28","56710"
"172.24.236.61","224.0.0.251","17","33:33:00:01:00:02","ec:bd:1d:66:90:28","56710"
"172.24.236.61","224.0.0.251","17","33:33:00:01:00:02","ec:bd:1d:66:90:28","56710"
"172.24.236.61","224.0.0.251","17","33:33:00:01:00:02","ec:bd:1d:66:90:28","56710"
"172.24.236.61","224.0.0.251","17","33:33:00:01:00:02","ec:bd:1d:66:90:28","56710"
"172.24.236.61","224.0.0.251","17","33:33:00:01:00:02","ec:bd:1d:66:90:28","56710"
"172.24.236.61","224.0.0.251","17","33:33:00:01:00:02","ec:bd:1d:66:90:28","56710"
"172.24.236.61","224.0.0.251","17","33:33:ff:5c:e1:67","f0:bf:97:02:f1:bb","56710"
"172.24.236.61","224.0.0.251","17","33:33:ff:5c:e1:67","f0:bf:97:02:f1:bb","56710"
"172.24.236.61","224.0.0.251","17","33:33:ff:5c:e1:67","f0:bf:97:02:f1:bb","56710"
"172.24.236.61","224.0.0.251","17","33:33:ff:5c:e1:67","f0:bf:97:02:f1:bb","56710"
"172.24.236.61","224.0.0.251","17","33:33:ff:5c:e1:67","f0:bf:97:02:f1:bb","56710"
"172.24.236.61","224.0.0.251","17","33:33:ff:5c:e1:67","f0:bf:97:02:f1:bb","56710"
"172.24.236.61","224.0.0.251","17","33:33:ff:5c:e1:67","f0:bf:97:02:f1:bb","56710"
"172.24.236.61","224.0.0.251","17","33:33:00:00:00:16","4c:ed:fb:50:1b:1e","56710"
"172.24.236.61","224.0.0.251","17","33:33:00:00:00:16","4c:ed:fb:50:1b:1e","56710"
"172.24.236.61","224.0.0.251","17","33:33:00:00:00:16","4c:ed:fb:50:1b:1e","56710"
"172.24.236.61","224.0.0.251","17","33:33:00:00:00:16","4c:ed:fb:50:1b:1e","56710"
"172.24.236.61","224.0.0.251","17","33:33:00:00:00:16","4c:ed:fb:50:1b:1e","56710"
"172.24.236.61","224.0.0.251","17","33:33:00:00:00:16","4c:ed:fb:50:1b:1e","56710"
"172.24.236.61","224.0.0.251","17","33:33:00:00:00:16","4c:ed:fb:50:1b:1e","56710"
"172.24.236.61","224.0.0.251","17","33:33:00:00:00:16","4c:ed:fb:50:1b:1e","56710"
"172.24.236.61","224.0.0.251","17","33:33:00:00:00:16","4c:ed:fb:50:1b:1e","56710"
"172.24.236.61","224.0.0.251","17","33:33:00:00:00:16","4c:ed:fb:50:1b:1e","56710"
"172.24.236.61","224.0.0.251","17","33:33:00:00:00:16","4c:ed:fb:50:1b:1e","56710"
"172.24.236.61","224.0.0.251","17","33:33:00:00:00:16","4c:ed:fb:50:1b:1e","56710"
"172.24.236.61","224.0.0.251","17","33:33:00:00:00:16","4c:ed:fb:50:1b:1e","56710"
"172.24.236.61","224.0.0.251","17","33:33:00:00:00:16","4c:ed:fb:50:1b:1e","56710"
"172.24.236.61","224.0.0.251","17","33:33:00:00:00:16","4c:ed:fb:50:1b:1e","56710"
"172.24.236.61","224.0.0.251","17","33:33:00:00:00:16","4c:ed:fb:50:1b:1e","56710"
"172.24.236.61","224.0.0.251","17","33:33:00:00:00:16","4c:ed:fb:50:1b:1e","56710"
"172.24.236.61","224.0.0.251","17","33:33:00:00:00:16","4c:ed:fb:50:1b:1e","56710"
"172.24.236.61","224.0.0.251","17","33:33:00:00:00:16","4c:ed:fb:50:1b:1e","56710"
"172.24.236.61","224.0.0.251","17","33:33:00:00:00:16","4c:ed:fb:50:1b:1e","56710"
"172.24.236.61","224.0.0.251","17","33:33:00:00:00:16","4c:ed:fb:50:1b:1e","56710"
"172.24.236.61","224.0.0.251","17","33:33:00:00:00:16","4c:ed:fb:50:1b:1e","56710"
"172.24.236.61","224.0.0.251","17","33:33:00:00:00:16","4c:ed:fb:50:1b:1e","56710"
"172.24.236.61","224.0.0.251","17","33:33:00:00:00:16","4c:ed:fb:50:1b:1e","56710"
"172.24.236.61","224.0.0.251","17","33:33:00:00:00:16","4c:ed:fb:50:1b:1e","56710"
"172.24.236.61","224.0.0.251","17","33:33:00:00:00:16","4c:ed:fb:50:1b:1e","56710"
"172.24.236.61","224.0.0.251","17","33:33:00:00:00:16","4c:ed:fb:50:1b:1e","56710"
"172.24.236.60","172.24.239.255","17","ff:ff:ff:ff:ff:ff","d0:53:49:cc:cf:85","8"
"172.24.236.60","172.24.239.255","17","ff:ff:ff:ff:ff:ff","d0:53:49:cc:cf:85","8"
"172.24.236.60","172.24.239.255","17","ff:ff:ff:ff:ff:ff","d0:53:49:cc:cf:85","8"
"172.24.236.60","172.24.239.255","17","ff:ff:ff:ff:ff:ff","d0:53:49:cc:cf:85","8"
"172.24.236.60","172.24.239.255","17","ff:ff:ff:ff:ff:ff","d0:53:49:cc:cf:85","8"
"172.24.236.60","172.24.239.255","17","ff:ff:ff:ff:ff:ff","d0:53:49:cc:cf:85","8"
"172.24.236.60","172.24.239.255","17","ff:ff:ff:ff:ff:ff","d0:53:49:cc:cf:85","8"
"172.24.236.60","172.24.239.255","17","ff:ff:ff:ff:ff:ff","d0:53:49:cc:cf:85","8"
"172.24.236.60","172.24.239.255","17","ff:ff:ff:ff:ff:ff","d0:53:49:cc:cf:85","8"
"172.24.236.60","172.24.239.255","17","ff:ff:ff:ff:ff:ff","d0:53:49:cc:cf:85","8"
"172.24.236.60","172.24.239.255","17","ff:ff:ff:ff:ff:ff","d0:53:49:cc:cf:85","8"
"172.24.236.60","172.24.239.255","17","ff:ff:ff:ff:ff:ff","d0:53:49:cc:cf:85","8"
"172.24.236.60","172.24.239.255","17","ff:ff:ff:ff:ff:ff","d0:53:49:cc:cf:85","8"
"172.24.236.60","172.24.239.255","17","ff:ff:ff:ff:ff:ff","d0:53:49:cc:cf:85","8"
"172.24.236.102","224.0.0.251","17","01:00:5e:00:00:fb","d4:63:c6:26:83:b8","8"
"172.24.236.102","224.0.0.251","17","01:00:5e:00:00:fb","d4:63:c6:26:83:b8","8"
"172.24.236.102","224.0.0.251","17","01:00:5e:00:00:fb","d4:63:c6:26:83:b8","8"
"172.24.236.102","224.0.0.251","17","01:00:5e:00:00:fb","d4:63:c6:26:83:b8","8"
"172.24.236.102","224.0.0.251","17","01:00:5e:00:00:fb","d4:63:c6:26:83:b8","8"
"172.24.236.102","224.0.0.251","17","01:00:5e:00:00:fb","d4:63:c6:26:83:b8","8"
"172.24.236.102","224.0.0.251","17","01:00:5e:00:00:fb","d4:63:c6:26:83:b8","8"
"172.24.236.102","224.0.0.251","17","01:00:5e:00:00:fb","d4:63:c6:26:83:b8","8"
"172.24.236.102","224.0.0.251","17","01:00:5e:00:00:fb","d4:63:c6:26:83:b8","8"
"172.24.236.102","224.0.0.251","17","01:00:5e:00:00:fb","d4:63:c6:26:83:b8","8"
"172.24.236.102","224.0.0.251","17","01:00:5e:00:00:fb","d4:63:c6:26:83:b8","8"
"172.24.236.102","224.0.0.251","17","01:00:5e:00:00:fb","d4:63:c6:26:83:b8","8"
"172.24.236.102","224.0.0.251","17","01:00:5e:00:00:fb","d4:63:c6:26:83:b8","8"
"172.24.236.102","224.0.0.251","17","33:33:00:01:00:03","d0:53:49:cc:cf:85","56710"
"172.24.236.102","224.0.0.251","17","33:33:00:01:00:03","d0:53:49:cc:cf:85","56710"
"172.24.236.102","224.0.0.251","17","33:33:00:01:00:03","d0:53:49:cc:cf:85","56710"
"172.24.236.102","224.0.0.251","17","33:33:00:01:00:03","d0:53:49:cc:cf:85","56710"
"172.24.236.102","224.0.0.251","17","33:33:00:01:00:03","d0:53:49:cc:cf:85","56710"
"172.24.236.102","224.0.0.251","17","33:33:00:01:00:03","d0:53:49:cc:cf:85","56710"
"172.24.236.102","224.0.0.251","17","33:33:00:01:00:03","d0:53:49:cc:cf:85","56710"
"172.24.236.102","224.0.0.251","17","33:33:00:01:00:03","d0:53:49:cc:cf:85","56710"
"172.24.236.102","224.0.0.251","17","33:33:00:01:00:03","d0:53:49:cc:cf:85","56710"
"172.24.236.102","224.0.0.251","17","33:33:00:01:00:03","d0:53:49:cc:cf:85","56710"
"172.24.236.102","224.0.0.251","17","33:33:00:01:00:03","d0:53:49:cc:cf:85","56710"
"172.24.236.102","224.0.0.251","17","33:33:00:01:00:03","d0:53:49:cc:cf:85","56710"
"172.24.236.102","224.0.0.251","17","33:33:00:01:00:03","d0:53:49:cc:cf:85","56710"
"172.24.236.102","224.0.0.251","17","33:33:00:01:00:03","d0:53:49:cc:cf:85","56710"
"172.24.236.60","224.0.0.252","17","01:00:5e:00:00:fc","d0:53:49:cc:cf:85","8"
"172.24.236.60","224.0.0.252","17","01:00:5e:00:00:fc","d0:53:49:cc:cf:85","8"
"172.24.236.60","224.0.0.252","17","01:00:5e:00:00:fc","d0:53:49:cc:cf:85","8"
"172.24.236.60","224.0.0.252","17","01:00:5e:00:00:fc","d0:53:49:cc:cf:85","8"
"172.24.236.60","224.0.0.252","17","01:00:5e:00:00:fc","d0:53:49:cc:cf:85","8"
"172.24.236.60","224.0.0.252","17","01:00:5e:00:00:fc","d0:53:49:cc:cf:85","8"
"172.24.236.60","224.0.0.252","17","01:00:5e:00:00:fc","d0:53:49:cc:cf:85","8"
"172.24.236.60","224.0.0.252","17","01:00:5e:00:00:fc","d0:53:49:cc:cf:85","8"
"172.24.236.60","224.0.0.252","17","01:00:5e:00:00:fc","d0:53:49:cc:cf:85","8"
"172.24.236.60","224.0.0.252","17","01:00:5e:00:00:fc","d0:53:49:cc:cf:85","8"
"172.24.236.60","224.0.0.252","17","01:00:5e:00:00:fc","d0:53:49:cc:cf:85","8"
"172.24.236.60","224.0.0.252","17","01:00:5e:00:00:fc","d0:53:49:cc:cf:85","8"
"172.24.236.60","224.0.0.252","17","01:00:5e:00:00:fc","d0:53:49:cc:cf:85","8"
"172.24.236.60","224.0.0.252","17","01:00:5e:00:00:fc","d0:53:49:cc:cf:85","8"
"172.24.236.60","224.0.0.252","17","01:00:5e:00:00:fc","d0:53:49:cc:cf:85","8"
"172.24.236.60","224.0.0.252","17","01:80:c2:00:00:00","cc:98:91:80:b4:13","11776"
"172.24.236.60","224.0.0.252","17","01:80:c2:00:00:00","cc:98:91:80:b4:13","11776"
"172.24.236.60","224.0.0.252","17","01:80:c2:00:00:00","cc:98:91:80:b4:13","11776"
"172.24.236.60","224.0.0.252","17","01:80:c2:00:00:00","cc:98:91:80:b4:13","11776"
"172.24.236.60","224.0.0.252","17","01:80:c2:00:00:00","cc:98:91:80:b4:13","11776"
"172.24.236.60","224.0.0.252","17","01:80:c2:00:00:00","cc:98:91:80:b4:13","11776"
"172.24.236.60","224.0.0.252","17","01:80:c2:00:00:00","cc:98:91:80:b4:13","11776"
"172.24.236.60","224.0.0.252","17","01:80:c2:00:00:00","cc:98:91:80:b4:13","11776"
"172.24.236.60","224.0.0.252","17","01:80:c2:00:00:00","cc:98:91:80:b4:13","11776"
"172.24.236.60","224.0.0.252","17","01:80:c2:00:00:00","cc:98:91:80:b4:13","11776"
"172.24.236.60","224.0.0.252","17","01:80:c2:00:00:00","cc:98:91:80:b4:13","11776"
"172.24.236.60","224.0.0.252","17","01:80:c2:00:00:00","cc:98:91:80:b4:13","11776"
"172.24.236.60","224.0.0.252","17","01:80:c2:00:00:00","cc:98:91:80:b4:13","11776"
"172.24.236.60","224.0.0.252","17","01:80:c2:00:00:00","cc:98:91:80:b4:13","11776"
"172.24.236.60","224.0.0.252","17","01:80:c2:00:00:00","cc:98:91:80:b4:13","11776"
